{"1": {"loss": 1.6752454681210813, "accuracy": 0.2500015911242386}, "2": {"loss": 1.4092450721288956, "accuracy": 0.3692073738508278}, "3": {"loss": 1.2975514260909797, "accuracy": 0.2511869786819791}, "4": {"loss": 1.1601073392693113, "accuracy": 0.44619059952731155}, "5": {"loss": 0.9368690603966299, "accuracy": 0.6342091157859725}, "6": {"loss": 0.7194453077770803, "accuracy": 0.8346017360687388}, "7": {"loss": 0.6009393020972427, "accuracy": 0.82710553470491}, "8": {"loss": 0.4991939251536847, "accuracy": 0.8547389352528656}, "9": {"loss": 0.42058817615284244, "accuracy": 0.8740793270900385}, "10": {"loss": 0.370690120519943, "accuracy": 0.882895884854628}, "11": {"loss": 0.34252295374073416, "accuracy": 0.8903962369773399}, "12": {"loss": 0.3334385264350565, "accuracy": 0.888686193496757}, "13": {"loss": 0.33482900681370587, "accuracy": 0.8872380629017069}, "14": {"loss": 0.3342615132557707, "accuracy": 0.8871077982520877}, "15": {"loss": 0.3267233666204914, "accuracy": 0.8903956835428222}, "16": {"loss": 0.3161952706866119, "accuracy": 0.8961851620331744}, "17": {"loss": 0.3084483450933799, "accuracy": 0.9031580910604553}, "18": {"loss": 0.30521715390893717, "accuracy": 0.9069745063156562}, "19": {"loss": 0.30425573120349075, "accuracy": 0.9073694510233973}, "20": {"loss": 0.3029934727610004, "accuracy": 0.9085545618638788}, "21": {"loss": 0.3011540425493982, "accuracy": 0.909607747751188}, "22": {"loss": 0.3002065732589618, "accuracy": 0.9078971508360874}, "23": {"loss": 0.3012109083064872, "accuracy": 0.9065820520632454}, "24": {"loss": 0.30363557488334214, "accuracy": 0.9071091984414177}, "25": {"loss": 0.30603182346007574, "accuracy": 0.9068467321213671}, "26": {"loss": 0.3074094909040099, "accuracy": 0.9050055938393883}, "27": {"loss": 0.307792974569729, "accuracy": 0.9052686135939567}, "28": {"loss": 0.30775471549156247, "accuracy": 0.9055308031967485}, "29": {"loss": 0.3077775111126998, "accuracy": 0.9050061472739062}, "30": {"loss": 0.3080600538512373, "accuracy": 0.9059271314907837}, "31": {"loss": 0.3086966269418484, "accuracy": 0.905926854773525}, "32": {"loss": 0.3098351688201554, "accuracy": 0.9064528942826617}, "33": {"loss": 0.3115862508346622, "accuracy": 0.9053999851126114}, "34": {"loss": 0.3138518160674562, "accuracy": 0.9042165345756831}, "35": {"loss": 0.3163820587242633, "accuracy": 0.9030322538869782}, "36": {"loss": 0.31904686123779447, "accuracy": 0.9036907717838052}, "37": {"loss": 0.3219712797355335, "accuracy": 0.9032961037933233}, "38": {"loss": 0.32533621853138056, "accuracy": 0.9038218665852011}, "39": {"loss": 0.3290725505702836, "accuracy": 0.9040854397742872}, "40": {"loss": 0.3328012921058738, "accuracy": 0.9039537915383737}, "41": {"loss": 0.3360853370562021, "accuracy": 0.9034269218774601}, "42": {"loss": 0.33873680381902105, "accuracy": 0.9039532381038557}, "43": {"loss": 0.3409013622975633, "accuracy": 0.9040846096225106}, "44": {"loss": 0.3428876370431889, "accuracy": 0.9042154277066476}, "45": {"loss": 0.3449350537563467, "accuracy": 0.9034269218774602}, "46": {"loss": 0.3471144037716947, "accuracy": 0.9027684039806332}, "47": {"loss": 0.34938994335280243, "accuracy": 0.9027681272633743}, "48": {"loss": 0.3517288750244748, "accuracy": 0.9023731825556334}, "49": {"loss": 0.3541431200472129, "accuracy": 0.9023737359901511}, "50": {"loss": 0.3566515474460913, "accuracy": 0.9023731825556334}}