{
    "0": {
        "loss": 1.3862943611198901,
        "accuracy": 0.25
    },
    "1": {
        "loss": 1.8411650595645714,
        "accuracy": 0.25
    },
    "2": {
        "loss": 1.598972706539671,
        "accuracy": 0.2964473684210526
    },
    "3": {
        "loss": 1.4577608188070872,
        "accuracy": 0.25
    },
    "4": {
        "loss": 1.390019473785073,
        "accuracy": 0.25
    },
    "5": {
        "loss": 1.3028112514480643,
        "accuracy": 0.3131578947368421
    },
    "6": {
        "loss": 1.2277007676255338,
        "accuracy": 0.4018421052631579
    },
    "7": {
        "loss": 1.13595041554555,
        "accuracy": 0.3475
    },
    "8": {
        "loss": 0.984944822430534,
        "accuracy": 0.4936842105263158
    },
    "9": {
        "loss": 0.8196471311215128,
        "accuracy": 0.7673684210526316
    },
    "10": {
        "loss": 0.6953872664259872,
        "accuracy": 0.839078947368421
    },
    "11": {
        "loss": 0.6159690162282149,
        "accuracy": 0.8302631578947368
    },
    "12": {
        "loss": 0.5579585516362756,
        "accuracy": 0.8326315789473684
    },
    "13": {
        "loss": 0.5074965470156362,
        "accuracy": 0.843421052631579
    },
    "14": {
        "loss": 0.4595175405731431,
        "accuracy": 0.859078947368421
    },
    "15": {
        "loss": 0.41405447405924595,
        "accuracy": 0.876578947368421
    },
    "16": {
        "loss": 0.37586170616958814,
        "accuracy": 0.8898684210526315
    },
    "17": {
        "loss": 0.34985961196439597,
        "accuracy": 0.8948684210526315
    }
}