{"loss": 2.2492607773495226, "accuracy": 0.25007250772356937}