{"loss": 2.249447179774876, "accuracy": 0.25011772705483093}