{
    "0": {
        "loss": 1.3862943611198906,
        "accuracy": 0.2500649970198093
    },
    "1": {
        "loss": 1.5987156333216697,
        "accuracy": 0.25005433663828547
    },
    "2": {
        "loss": 1.4148375484512639,
        "accuracy": 0.25005433663828547
    },
    "3": {
        "loss": 1.373448349101994,
        "accuracy": 0.24998815157664325
    },
    "4": {
        "loss": 1.3830048600889957,
        "accuracy": 0.2544520846714453
    },
    "5": {
        "loss": 1.285203909830067,
        "accuracy": 0.41401513620084945
    },
    "6": {
        "loss": 1.1305348462092455,
        "accuracy": 0.668661323351698
    },
    "7": {
        "loss": 0.9946750377930882,
        "accuracy": 0.7677694589221449
    },
    "8": {
        "loss": 0.8826883121767481,
        "accuracy": 0.7469443903540975
    },
    "9": {
        "loss": 0.7720149083526785,
        "accuracy": 0.7622870888475561
    },
    "10": {
        "loss": 0.6509102786662528,
        "accuracy": 0.8114380008433996
    }
}